1981761604,uoren
56205740,igerk
467728380,qouezp
136601853,sitew
1869583452,gslagi
339673152,ufnj
1025900554,rezop
2026536882,aaojew
1421411599,ecoiav
1414059153,ayihi
994853306,otlua
1769143104,ndraa
1134949521,oyuuv
299846350,klyzoi
933876298,quro
786083941,iubu
2112083647,teuy
35675435,yjpuza
250438261,fuuold
1684781870,yfkgev
328853033,zmoaj
1757948885,jovpv
905293944,hqja
2558672,iyavou
406177747,ujnbv
4925744,stqi
1638967123,cscuu
779665312,tiota
1226024370,mzdni
1033745259,uciii
810822644,pico
1065802112,soucm
1841586069,wocao
1536916456,kwes
216073083,moiuu
1617805010,siuaaa
1599444506,ooiaeq
1882185554,oogl
615838176,tezn
1241578612,odeek
1044545944,iope
1458163905,vfiie
1080385112,bnzek
1800525037,ujuip
1337376136,cikecp
1455696122,eugou
799491314,eudeaa
467958820,wooj
788385804,oiuou
645992003,amubc
764924631,aegb
1568058052,azkr
1070613823,aeuuse
1572782708,izuuoe
1820927206,houieb
2070888120,askati
1722235999,wzbua
1306349985,eamqeu
1674432452,fiee
959405049,agnto
56637055,cuunzu
1947385615,umtu
1385394799,nizoo
1653071890,oueu
1859709030,uiib
755722656,oaivd
1924078394,ciwq
1118400518,abhme
850739248,zqaa
1948923264,ioje
1131684179,azoa
173497570,lfepv
219994154,grei
746998194,izvewo
316241056,wegai
1279483629,euntb
2100065972,zoueqo
1259208122,eoayor
1858811166,uuaee
1006931485,bwur
71580589,lbol
1268324741,moses
1005278500,fuekl
1948793032,basey
1846727566,edoo
1159901292,oequue
376874111,ooui
893473789,okui
1253018838,sopte
1253275806,oeyuo
250162605,ifia
538116104,wmgp
1724369821,htkwk
1873002483,eyasb
231237454,ejdj
952247810,iubt
819726379,ziipi
226398314,stotew
1605973164,uevu
694411155,oiisa
1246250097,zeed
1336371438,njnewa
693031252,tugwcd
225148933,rjua
321596326,yeow
865651079,roege
574007727,zuiqu
2127124720,npuu
1462953456,iogas
1343521342,eiozi
105603695,ovao
714423060,uuua
149586618,rdoii
5342440,liui
633388178,yezs
356004595,uoim
832341639,luew
80939077,jvura
1646614765,obzoc
1542930821,opbia
1688100211,tonbe
244071493,tuisr
1326011041,efty
748942818,aiqi
1754893189,uaiceo
1754389241,uiwju
63463244,ezlaq
1263842675,eioy
1069574639,ueei
1548376337,zjiu
1114646568,euiv
2065380135,opoo
613151824,riqre
236773523,zywo
2118042728,cicqt
1099964625,aueka
1745592874,piaiv
757268351,eajmz
1345081431,rivu
536914062,tzudo
1805812355,anaau
1053490044,roim
1085576775,aipu
916038050,ullgaa
2098065555,ookrz
1806652620,uoavok
488264327,ireoie
814209958,iubai
793612988,amdaz
1021483811,gzwoa
1336598166,ctln
1881079770,maeul
2086006004,bznfe
1824556821,ziiuo
327879484,oiku
1951952437,uzeo
262429158,iusa
390425903,sbfzj
1999504300,lktanp
1077745531,ulai
272919284,eqqw
1186997675,rgiq
2026816381,zfabau
121630136,eafn
419491255,aioo
797930434,fiticv
1740532561,leardk
1027377159,biaog
1894549518,amwce
701377984,kzzges
70495008,zbapnu
1875328816,iebna
910902564,ahvhp
665613984,sgsut
982579351,uaoas
745022605,eojii
271035753,osvie
759008366,ooer
1241550532,oyzu
695249786,yuia
964209751,ilve
704848209,cuaqda
9239002,deaoua
1195550228,houh
1025219861,mouk
2119610204,rubio
2011399257,eiiof
2079026621,kbzt
936105192,vflwy
379131537,upvu
1649107143,taohu
1088776469,frbpz
1903851575,iorugq
2032500243,oaoeit
236835705,qoequu
1204801815,elefv
1348195303,jzoeea
289717520,owauou
1184464431,zuramj
791440915,uiti
1702924963,weuol
1943743571,uiol
1519093529,igsue
1752009683,myupa
182521525,yjgi
505935064,tbfi
1063297317,uamt
25743933,iaei
1719591385,oofuu
598159169,fuhiz
571645541,edss
1188401938,fiaou
1375686789,okeb
1577301707,dagzkv
1762074682,buyou
1763508645,mzwia
1813572267,oibmia
746366708,kmksa
2144969159,nlybi
370436297,zwuh
972999281,ulee
2037642342,eeei
1984982818,teveh
461127733,vafo
1300292383,lsfzp
1114216450,ktas
1026840239,nieqn
1526139043,aqueu
372644075,ioio
7738272,jsbubi
183208108,bzuut
135104549,htaa
1094877905,ezuo
344201492,ezouu
1370281897,yzran
279760788,eucuu
1752775125,esieh
543607690,oaehg
865940684,acqp
1866163538,uteeio
1197732524,cucwi
1350042711,zymoe
1505458520,vavrc
575168419,bkio
861583004,mfsbw
967611154,whgyci
468642790,euuecb
1777668879,zdiab
1017072083,zqii
931918944,zbdmi
496412465,ccajw
552394315,ajicp
1698418208,zzohl
239856797,hohsv
1946645009,uobsu
1657005359,hzeeos
760583810,aewiun
858594113,nboi
791628919,qiau
1586458646,nyae
1808799721,ijog
95286053,oahze
1824236283,ihquii
1138756978,ueom
597268221,eayum
1518674107,iaau
95453475,hjuat
975198794,iounc
1840280916,cqbezt
1756164005,fqkisn
922883472,olpra
1337169385,izaa
1231156714,yaapf
763720187,oafg
265069703,eaae
1609505413,abqgtv
1498610912,oiedn
506315680,ouqa
229867619,ioouqi
1754260198,mani
40266729,tziaka
1651244325,ayiuw
2114161786,eini
1776607672,pbouo
262126813,ozeoik
1888385765,baioo
654727579,sriqk
1098205933,uouu
39873596,avob
1531489318,eiluz
592008620,fgokoa
472377262,eaup
1779291111,qbueu
1394111119,oums
2143156847,ghee
1770037205,saai
2087557403,urevo
423268624,ooimz
1598203195,foyeo
390736002,adeao
81179219,yzigu
398775024,jeoch
1270379731,olio
1023799726,pevti
563472677,aebam
1378300490,zbiib
1712391926,woqp
240991235,wrvuoa
1244924254,waoeeu
727807327,aygp
368636767,uiwfu
1307001758,uaufu
96010030,gzoolw
783589361,wokwj
1350361333,ovlun
2103824686,iypla
2114681597,iiucu
233508599,okeh
1303247657,aqgz
1950303935,ooieo
564796337,upqce
273723981,aouoli
1286723748,mzcn
1935852814,iuuee
1503503888,rikui
1610357537,bgoio
379318724,uoewb
2136185254,hobztf
1228185526,hyabu
1633128601,coic
1860917188,aaqey
670304784,thria
1340499335,ueup
1955165493,trqu
301856256,rziuo
2105589463,inuca
928894862,iuibnj
1564292749,ouoia
338705458,meaepo
2487583,odtu
763617110,opyt
683154694,ovhal
535538838,ieaep
2016987573,avzeq
893564164,eous
544805048,iosab
1410079799,dmoe
607217468,ahhe
858172605,fipzej
242799818,lvied
1122952160,evuei
527617998,geac
202628916,ootwm
49693565,aekhb
1838362827,puio
1039534314,eoao
682556935,oeif
588921174,aeaib
1456790420,uiomzv
1124873454,hpjo
1779873229,ueum
1999680506,tjhe
2060799363,cjyi
921517134,ymuecp
2139338377,erooui
1434245528,zupnk
135399499,oalze
1257589941,athjm
1465133697,nlqcf
962146323,eykasa
1149205908,siqaa
551023535,zieau
1790220539,scauu
1624366239,zniuo
371150112,zouu
495998695,qudo
41893364,teofoe
2126452917,aulh
1880418666,eoeju
1802391688,heajae
474702287,aduuu
409989432,oevu
1186459403,leiaea
1817249795,kloam
134329496,qiee
1115781956,zpepki
1328284954,zobvy
754151518,iuoej
808908343,kegj
127743094,oqemz
961519207,oiyi
7228005,rtsdri
368169974,uiuznu
1569244997,hzsoir
1421879917,guic
1979619444,waieoc
2029650904,mayzso
986203476,acbuf
346494465,akbu
1506462338,lygkt
1454068564,ooelli
589447792,kryel
189494360,qoaei
1506260972,oelau
407307145,leugs
1638912052,glqb
1576639159,reoie
1478494291,ooel
1823185705,ouew
349270479,ndoujt
1643338758,cziua
94443123,tuoape
750288035,muuouo
1136239275,asriei
494974115,erfeb
1403528198,aigzo
1556425608,tuls
48170154,raeeiw
1204806620,hztis
45807027,iucub
785556957,eoimy
375315649,oyycca
495953122,lovo
1813255326,fioazu
775715747,wiaph
307490049,qzhi
1129824929,yeeze
1913808139,izead
1034361878,paplp
1285424594,uuuuzo
574315975,ubizui
228833531,ueoa
613905556,jdaai
1622029193,vveed
1733427432,aaemd
1145923993,eaiaa
133380836,ayeiav
207423035,oezau
1316368864,iahp
1942792770,hkynre
828322916,iaul
1260555026,jqzy
1954712359,ozghp
1324969278,oehv
1546629061,eiue
515962109,eiqp
221092332,uzece
1471466604,oaiw
1203188025,fyieo
1445110337,oiouia
2031470494,jpffie
1642201364,javz
2061043914,lueab
842161010,equuei
224301810,aaedyq
767843307,ttqp
1448272423,cikai
1830524747,izgn
345414755,aaeaz
254489969,rczuh
765636252,wzuo
1178918266,oiaoa
128570716,ahia
1934063515,oooa
1633871492,dwpnve
1371628066,azvbz
1473740531,uwem
187172823,bqtee
1003629448,yijiu
2131554137,iuql
1451575027,oalj
832641625,llfau
543122274,ogqa
123399639,zlvzoi
774237035,elahn
928548804,kwhqa
1423830777,feos
1726828407,peey
725797710,guroe
1492369033,kyiom
632734848,upiru
1980726865,ouodd
518490874,hcmdfg
471867932,euoy
821498665,luajee
1110007001,korom
1748729563,oviui
54032077,aaoka
141423379,ayya
830315570,qugez
864071478,iitzu
1215785290,queeiu
840860336,uioa
831131227,icbob
1121211624,jrtta
1772045013,ziiefg
1719912904,weaoc
1786279045,riedoe
1699190829,tyyd
1847188603,mizcoi
837950459,cjnuf
57225831,eremk
1820568109,ezqif
835719781,keia
536043834,uifomu
511138138,zgeiv
1572410512,lemauu
1379706975,eaeaoi
1278688195,siyca
1097756309,qaoe
1843367170,giuuj
1791570172,dazu
125177725,iooh
1987281933,uapiz
5004079,opms
1747738550,ukaru
1996413968,sene
2107794220,iusgaa
1559765943,ooijz
2051160014,tqiig
1753017527,liij
1762677353,aozouu
407703746,udro
1495461553,adzac
2044972263,kwvu
358336690,iaabgu
264263257,uaeafi
173086274,aoogfi
469882686,ucowep
1761920867,aoab
1693552525,foio
248352401,mbetu
526328820,elzuu
6367683,dojanp
842995323,qeoo
760605637,uazai
752839045,iseu
1080631017,uoao
488745885,uhoa
1643853067,uhouv
1381635460,nioi
429367387,omdwq
1978730221,akika
1695510064,zcauu
1113114661,euzl
91939805,gaiu
294735213,oaevu
963737057,aesizm
2021367955,nuea
220434083,aauoao
591663488,tnue
681923374,uzdr
874031924,ayadiu
1385552438,icevze
1051822767,vmcatu
669620256,queei
808886269,uouo
1818345905,eoclo
1020137179,aufk
1954760857,ciaeaa
1959064840,jaub
1671338081,uiauod
1317138778,susp
1942561305,aquelo
1168366298,eoai
834710653,uiaopq
229281441,ysieft
362632400,zkha
1456019610,czuua
247958055,wevqo
95282245,sociko
1473776872,uabeja
119146008,oiab
941423835,duum
886057212,beig
9240247,ribz
841205219,iaale
761912440,unnii
186245911,orpa
954547269,ocies
488509511,dauoa
989238010,cupuq
627510410,zuie
1261564263,veoy
2048494319,raiieo
184608786,ztzu
625886281,izwva
1794865934,dauru
1259040625,mndie
2110432918,elez
569321842,keuul
145090594,dcuew
1963944706,iaasea
1581180918,cbgu
482195915,ouqzo
631729209,amza
1103336998,ueeu
1917188577,jqrgeo
659940147,suauu
894881506,hver
259495670,ucyi
1032214287,dookf
1698274368,rtazaz
51652000,akrls
1317344461,sove
1915288016,miyu
2008864030,rdie
1914718863,hskl
568423854,alig
1812844904,ojhna
1350528913,zocai
576670184,libhaz
1419868566,oseff
1989726533,woiw
621999320,ibaeh
961920207,egudd
1862881580,iieajo
155155171,nputoo
150878963,zlai
1958867885,beec
947353089,oueaqz
2006875427,aweim
277810300,iaood
893434547,nrep
1684316788,qisgug
151670337,aaahdn
600111629,htera
1422880978,mqbed
989494946,akfe
1474005917,puik
963416146,druos
922602262,iejzl
1663562296,wzit
1868687078,qtwrs
1712022444,iige
979792815,uofi
682039853,ejiw
517766348,uozre
1102602578,ojqfe
880870905,jeoiic
17101682,dtuie
1746651755,eaufaa
1661079773,osfpu
477781419,ezcoi
632557609,iuauou
1592893707,acun
640963818,rave
1794097684,agoui
516892379,ziuq
1750201287,eauqq
138569864,idoue
1103669583,bafiep
1087684010,eroii
2079828531,ejtki
942225692,jfeia
1730068424,todzik
1799399179,loeao
1309001606,tsfa
1286404973,pqbaua
1403700601,nymeio
141824118,gwizki
1762502453,scqyo
75307750,ukiu
1773039995,ariia
1633112336,iliza
566837439,eqoed
1772492356,ooei
839912418,skug
900389009,ooedee
280907813,ovauod
1838618662,oitie
676719568,iwov
614628178,yoakm
365410659,bpeb
312561319,jaeaui
1630960903,pemd
998043707,ggiu
599641712,zeeoi
1455554079,aaqyqi
435572303,sepoj
147814884,auea
53163481,iiemo
1791574539,zuerm
589299368,ireo
535637694,esaau
1986018151,iiuufk
1552843900,szjedt
636381447,huau
1584582344,owwu
805091719,sezywn
1462152620,auahqi
176594214,baubl
1307155541,ojfyc
1008741318,untcu
1760486288,mdey
668534391,mifoe
1019004436,epzoa
501204351,iaqlq
1366763979,uiwy
880420459,euukv
1446009734,aiweo
248936685,wvll
1620880273,utroo
254588648,ueeeky
1910891160,odaeo
81232473,hwjdb
996904355,wfoui
1942224343,meeno
1849398563,peekz
394448732,ibano
984079088,egyoao
1826078961,auoi
1083898771,aasa
1318475747,tquba
72207472,cbdoe
368994318,zolvu
148928875,waieu
155602300,khao
510117086,aalo
575356090,emeao
1934253755,lkeag
720590626,oime
895114767,idmid
971149353,uwbz
1003423932,bgckc
217958878,gbtyk
2004031793,dubd
1425691841,ioiei
1238168141,biriu
1567253049,pmyiu
533578572,neaoz
1925151839,zaaml
504449524,iewpk
1123465199,fjuz
815767374,pdta
1181884877,lsiit
1795735714,cjiwj
482592853,aand
1890025126,uiaobi
125960602,pjbiu
1834176720,jube
685082701,hewci
806937069,akofwz
1917036438,cuoehi
1415609338,uiniu
1942720829,ifuum
1462189609,maioa
875538,iliheq
413817164,uqoa
1166096949,uuuo
837896434,eikm
1810580013,fihs
2069520854,rauo
1047984125,aequio
1335858460,dgui
14743713,dmaoi
260686178,ihrioi
470080477,ouetht
791918799,nsque
382719375,jiyuf
848264543,udtuf
1328729187,izaa
1114004328,uuwuum
1155967820,goof
1292905886,izhib
1100720044,oeyeu
1772860081,yuozi
495662799,zunhr
1194630056,ftoti
221141455,omuoq
1589817953,vcjav
144945850,uoaw
485565966,deoo
771364006,endre
341470486,jioqkk
1845217543,iazu
2141996554,mlugha
72837661,uiip
667279882,bofec
1609158763,ioaoh
359323472,uoqhi
1999709699,zecqff
259697424,vsawe
934691231,eitho
1817182001,appri
341169089,eeope
1686157449,rioiw
317605188,oiufd
2118066836,sjif
1248215111,uforz
28980863,nous
106570668,amyu
1490138376,ouit
702410126,udve
318695689,ozcuz
219225103,syami
761719712,abnia
1742960880,ruevl
1000643020,uavo
1831266426,aeec
1851089533,yiifc
939195771,aciz
523104388,oeeky
127621359,feeeue
1275817952,saoqzy
258376018,uooilu
1940646185,lewupu
2118246462,zouou
1193913375,aziy
1829790796,awumi
412904221,ovie
714507853,oeibui
325016255,nzbo
740054405,bwlvb
1055266280,ruje
1659492,ziuujh
1315240147,hlaoyj
1948798563,ofvhj
1452227942,qfuove
1261790187,etjdra
387766737,ipwzy
1462322068,peaj
1752301022,afoh
41811796,ivgo
641296401,riutfa
242747135,heal
1357684618,uuba
1646890637,lonus
1000691058,voluej
511723789,riivwc
1949884413,ieobe
642534373,otsy
1185684014,ovzlj
1512011514,ocuite
279096976,mvbo
597985339,keuho
1409330544,eaawea
1259127248,ivayam
1874900376,vwigj
1662197233,eelwp
688496364,idcii
57599997,kqwq
926430282,iwka
2025836022,uzbe
1027215179,esmp
1398396453,upnc
153208429,yiuwqe
1255267037,nfate
160148553,ouope
142332223,saiub
2015217287,twaakm
363174282,derio
157804486,oigle
790097480,eram
1756566544,zruuv
531899549,ifho
730962741,ciptee
1745943053,eoofua
1240341019,eakq
338788133,agpa
1493583527,esehy
1815122918,baii
1333498164,cezoep
1606595335,ueuer
990793745,ounuzq
1816196603,ghauf
1496457127,zaabog
1544511053,buik
1152964622,moiueu
1259954227,qiveh
64793277,mfbez
1081584342,eoof
990168969,lhbaz
317035924,fzubw
273608804,qcgii
26824819,ciuk
1321168226,genum
85129203,uaer
45299437,ugaraa
854373573,eijh
1118007854,hsoo
656812385,uumuei
327930800,izkao
490484665,neij
599079683,imai
1010491000,rifa
1303514890,giluo
1196343531,haonu
223720752,uucoa
1747488706,vbbovi
65162586,eilu
2135377460,slop
565927020,ukha
82085232,kjun
9246128,igram
1778674529,zoeug
391022278,eiim
2072874428,mmemeo
1469274330,nfvo
1001126996,aaeoay
875291134,zsriph
80244676,ofuaa
300289349,ueyih
1130321674,ainzd
1866565274,qiua
650823021,dizwo
1465674914,ycizt
856773992,fnavg
1412559398,uecko
333815922,wvzoa
2083208116,aawwi
1944325872,feaauf
1382571441,ueiets
1163433483,qaniw
1362237896,kapd
1466135903,sitfz
553627737,aouet
1596370469,buounv
1433649435,eebuw
207918050,oiij
851386874,hicwo
377176654,osew
1192201969,oaqii
831607499,kiuvh
515411965,ihngz
351597615,ofke
566841272,hwpu
1537729727,omdibi
601405682,ncoago
1351896897,oeia
226117046,unai
1164712971,aevpc
950139291,wyzwic
1494027276,wtzh
1491315324,nlio
649386714,oupau
2060893282,endeo
981374350,quesia
1035136809,uwio
326839916,uguuv
264449189,skza
754017305,easc
150501203,iybp
1874574250,uaur
36994656,osin
2064223472,bgiia
52697418,retoig
1099950770,zirk
964814349,numa
1869520843,zrcl
331441024,umoa
542248850,poeoz
811500523,aieoo
505748191,aurb
1678579021,ajgc
1904040155,jfiieh
981552853,esmqwe
590213482,aelam
1910021807,oove
1874469432,uoseu
588976733,oooo
768524180,uoyue
309550437,owhs
282531623,lwusi
183820436,eeda
189179058,neoia
2064102926,feiban
1916979927,omoguu
1281110270,vezm
1460640138,megu
127914977,esiuy
315045371,ydkoon
1738614184,huyg
1271339236,ujjie
2141340291,uaqi
661325166,viad
217274309,baspe
1170675077,uuph
1016781755,aeiz
1736952852,iyala
1615062332,irje
1665816179,aheepr
1179073614,aafbi
1108990592,bliz
818861078,eeguy
1126826909,ieia
112878710,uizu
1969751942,urugo
2139394372,uoein
2050422423,swukf
113490861,ifoiu
622907093,emqi
1999204844,oboyv
662199980,qdoz
1325487379,noagqa
271641289,awaa
2045230105,orro
1673354542,iiykj
1438282633,aiof
767887320,uagee
