875538,iliheq
1659492,ziuujh
2487583,odtu
2558672,iyavou
4925744,stqi
5004079,opms
5342440,liui
6367683,dojanp
7228005,rtsdri
7738272,jsbubi
9239002,deaoua
9240247,ribz
9246128,igram
14743713,dmaoi
17101682,dtuie
25743933,iaei
26824819,ciuk
28980863,nous
35675435,yjpuza
36994656,osin
39873596,avob
40266729,tziaka
41811796,ivgo
41893364,teofoe
45299437,ugaraa
45807027,iucub
48170154,raeeiw
49693565,aekhb
51652000,akrls
52697418,retoig
53163481,iiemo
54032077,aaoka
56205740,igerk
56637055,cuunzu
57225831,eremk
57599997,kqwq
63463244,ezlaq
64793277,mfbez
65162586,eilu
70495008,zbapnu
71580589,lbol
72207472,cbdoe
72837661,uiip
75307750,ukiu
80244676,ofuaa
80939077,jvura
81179219,yzigu
81232473,hwjdb
82085232,kjun
85129203,uaer
91939805,gaiu
94443123,tuoape
95282245,sociko
95286053,oahze
95453475,hjuat
96010030,gzoolw
105603695,ovao
106570668,amyu
112878710,uizu
113490861,ifoiu
119146008,oiab
121630136,eafn
123399639,zlvzoi
125177725,iooh
125960602,pjbiu
127621359,feeeue
127743094,oqemz
127914977,esiuy
128570716,ahia
133380836,ayeiav
134329496,qiee
135104549,htaa
135399499,oalze
136601853,sitew
138569864,idoue
141423379,ayya
141824118,gwizki
142332223,saiub
144945850,uoaw
145090594,dcuew
147814884,auea
148928875,waieu
149586618,rdoii
150501203,iybp
150878963,zlai
151670337,aaahdn
153208429,yiuwqe
155155171,nputoo
155602300,khao
157804486,oigle
160148553,ouope
173086274,aoogfi
173497570,lfepv
176594214,baubl
182521525,yjgi
183208108,bzuut
183820436,eeda
184608786,ztzu
186245911,orpa
187172823,bqtee
189179058,neoia
189494360,qoaei
202628916,ootwm
207423035,oezau
207918050,oiij
216073083,moiuu
217274309,baspe
217958878,gbtyk
219225103,syami
219994154,grei
220434083,aauoao
221092332,uzece
221141455,omuoq
223720752,uucoa
224301810,aaedyq
225148933,rjua
226117046,unai
226398314,stotew
228833531,ueoa
229281441,ysieft
229867619,ioouqi
231237454,ejdj
233508599,okeh
236773523,zywo
236835705,qoequu
239856797,hohsv
240991235,wrvuoa
242747135,heal
242799818,lvied
244071493,tuisr
247958055,wevqo
248352401,mbetu
248936685,wvll
250162605,ifia
250438261,fuuold
254489969,rczuh
254588648,ueeeky
258376018,uooilu
259495670,ucyi
259697424,vsawe
260686178,ihrioi
262126813,ozeoik
262429158,iusa
264263257,uaeafi
264449189,skza
265069703,eaae
271035753,osvie
271641289,awaa
272919284,eqqw
273608804,qcgii
273723981,aouoli
277810300,iaood
279096976,mvbo
279760788,eucuu
280907813,ovauod
282531623,lwusi
289717520,owauou
294735213,oaevu
299846350,klyzoi
300289349,ueyih
301856256,rziuo
307490049,qzhi
309550437,owhs
312561319,jaeaui
315045371,ydkoon
316241056,wegai
317035924,fzubw
317605188,oiufd
318695689,ozcuz
321596326,yeow
325016255,nzbo
326839916,uguuv
327879484,oiku
327930800,izkao
328853033,zmoaj
331441024,umoa
333815922,wvzoa
338705458,meaepo
338788133,agpa
339673152,ufnj
341169089,eeope
341470486,jioqkk
344201492,ezouu
345414755,aaeaz
346494465,akbu
349270479,ndoujt
351597615,ofke
356004595,uoim
358336690,iaabgu
359323472,uoqhi
362632400,zkha
363174282,derio
365410659,bpeb
368169974,uiuznu
368636767,uiwfu
368994318,zolvu
370436297,zwuh
371150112,zouu
372644075,ioio
375315649,oyycca
376874111,ooui
377176654,osew
379131537,upvu
379318724,uoewb
382719375,jiyuf
387766737,ipwzy
390425903,sbfzj
390736002,adeao
391022278,eiim
394448732,ibano
398775024,jeoch
406177747,ujnbv
407307145,leugs
407703746,udro
409989432,oevu
412904221,ovie
413817164,uqoa
419491255,aioo
423268624,ooimz
429367387,omdwq
435572303,sepoj
461127733,vafo
467728380,qouezp
467958820,wooj
468642790,euuecb
469882686,ucowep
470080477,ouetht
471867932,euoy
472377262,eaup
474702287,aduuu
477781419,ezcoi
482195915,ouqzo
482592853,aand
485565966,deoo
488264327,ireoie
488509511,dauoa
488745885,uhoa
490484665,neij
494974115,erfeb
495662799,zunhr
495953122,lovo
495998695,qudo
496412465,ccajw
501204351,iaqlq
504449524,iewpk
505748191,aurb
505935064,tbfi
506315680,ouqa
510117086,aalo
511138138,zgeiv
511723789,riivwc
515411965,ihngz
515962109,eiqp
516892379,ziuq
517766348,uozre
518490874,hcmdfg
523104388,oeeky
526328820,elzuu
527617998,geac
531899549,ifho
533578572,neaoz
535538838,ieaep
535637694,esaau
536043834,uifomu
536914062,tzudo
538116104,wmgp
542248850,poeoz
543122274,ogqa
543607690,oaehg
544805048,iosab
551023535,zieau
552394315,ajicp
553627737,aouet
563472677,aebam
564796337,upqce
565927020,ukha
566837439,eqoed
566841272,hwpu
568423854,alig
569321842,keuul
571645541,edss
574007727,zuiqu
574315975,ubizui
575168419,bkio
575356090,emeao
576670184,libhaz
588921174,aeaib
588976733,oooo
589299368,ireo
589447792,kryel
590213482,aelam
591663488,tnue
592008620,fgokoa
597268221,eayum
597985339,keuho
598159169,fuhiz
599079683,imai
599641712,zeeoi
600111629,htera
601405682,ncoago
607217468,ahhe
613151824,riqre
613905556,jdaai
614628178,yoakm
615838176,tezn
621999320,ibaeh
622907093,emqi
625886281,izwva
627510410,zuie
631729209,amza
632557609,iuauou
632734848,upiru
633388178,yezs
636381447,huau
640963818,rave
641296401,riutfa
642534373,otsy
645992003,amubc
649386714,oupau
650823021,dizwo
654727579,sriqk
656812385,uumuei
659940147,suauu
661325166,viad
662199980,qdoz
665613984,sgsut
667279882,bofec
668534391,mifoe
669620256,queei
670304784,thria
676719568,iwov
681923374,uzdr
682039853,ejiw
682556935,oeif
683154694,ovhal
685082701,hewci
688496364,idcii
693031252,tugwcd
694411155,oiisa
695249786,yuia
701377984,kzzges
702410126,udve
704848209,cuaqda
714423060,uuua
714507853,oeibui
720590626,oime
725797710,guroe
727807327,aygp
730962741,ciptee
740054405,bwlvb
745022605,eojii
746366708,kmksa
746998194,izvewo
748942818,aiqi
750288035,muuouo
752839045,iseu
754017305,easc
754151518,iuoej
755722656,oaivd
757268351,eajmz
759008366,ooer
760583810,aewiun
760605637,uazai
761719712,abnia
761912440,unnii
763617110,opyt
763720187,oafg
764924631,aegb
765636252,wzuo
767843307,ttqp
767887320,uagee
768524180,uoyue
771364006,endre
774237035,elahn
775715747,wiaph
779665312,tiota
783589361,wokwj
785556957,eoimy
786083941,iubu
788385804,oiuou
790097480,eram
791440915,uiti
791628919,qiau
791918799,nsque
793612988,amdaz
797930434,fiticv
799491314,eudeaa
805091719,sezywn
806937069,akofwz
808886269,uouo
808908343,kegj
810822644,pico
811500523,aieoo
814209958,iubai
815767374,pdta
818861078,eeguy
819726379,ziipi
821498665,luajee
828322916,iaul
830315570,qugez
831131227,icbob
831607499,kiuvh
832341639,luew
832641625,llfau
834710653,uiaopq
835719781,keia
837896434,eikm
837950459,cjnuf
839912418,skug
840860336,uioa
841205219,iaale
842161010,equuei
842995323,qeoo
848264543,udtuf
850739248,zqaa
851386874,hicwo
854373573,eijh
856773992,fnavg
858172605,fipzej
858594113,nboi
861583004,mfsbw
864071478,iitzu
865651079,roege
865940684,acqp
874031924,ayadiu
875291134,zsriph
880420459,euukv
880870905,jeoiic
886057212,beig
893434547,nrep
893473789,okui
893564164,eous
894881506,hver
895114767,idmid
900389009,ooedee
905293944,hqja
910902564,ahvhp
916038050,ullgaa
921517134,ymuecp
922602262,iejzl
922883472,olpra
926430282,iwka
928548804,kwhqa
928894862,iuibnj
931918944,zbdmi
933876298,quro
934691231,eitho
936105192,vflwy
939195771,aciz
941423835,duum
942225692,jfeia
947353089,oueaqz
950139291,wyzwic
952247810,iubt
954547269,ocies
959405049,agnto
961519207,oiyi
961920207,egudd
962146323,eykasa
963416146,druos
963737057,aesizm
964209751,ilve
964814349,numa
967611154,whgyci
971149353,uwbz
972999281,ulee
975198794,iounc
979792815,uofi
981374350,quesia
981552853,esmqwe
982579351,uaoas
984079088,egyoao
986203476,acbuf
989238010,cupuq
989494946,akfe
990168969,lhbaz
990793745,ounuzq
994853306,otlua
996904355,wfoui
998043707,ggiu
1000643020,uavo
1000691058,voluej
1001126996,aaeoay
1003423932,bgckc
1003629448,yijiu
1005278500,fuekl
1006931485,bwur
1008741318,untcu
1010491000,rifa
1016781755,aeiz
1017072083,zqii
1019004436,epzoa
1020137179,aufk
1021483811,gzwoa
1023799726,pevti
1025219861,mouk
1025900554,rezop
1026840239,nieqn
1027215179,esmp
1027377159,biaog
1032214287,dookf
1033745259,uciii
1034361878,paplp
1035136809,uwio
1039534314,eoao
1044545944,iope
1047984125,aequio
1051822767,vmcatu
1053490044,roim
1055266280,ruje
1063297317,uamt
1065802112,soucm
1069574639,ueei
1070613823,aeuuse
1077745531,ulai
1080385112,bnzek
1080631017,uoao
1081584342,eoof
1083898771,aasa
1085576775,aipu
1087684010,eroii
1088776469,frbpz
1094877905,ezuo
1097756309,qaoe
1098205933,uouu
1099950770,zirk
1099964625,aueka
1100720044,oeyeu
1102602578,ojqfe
1103336998,ueeu
1103669583,bafiep
1108990592,bliz
1110007001,korom
1113114661,euzl
1114004328,uuwuum
1114216450,ktas
1114646568,euiv
1115781956,zpepki
1118007854,hsoo
1118400518,abhme
1121211624,jrtta
1122952160,evuei
1123465199,fjuz
1124873454,hpjo
1126826909,ieia
1129824929,yeeze
1130321674,ainzd
1131684179,azoa
1134949521,oyuuv
1136239275,asriei
1138756978,ueom
1145923993,eaiaa
1149205908,siqaa
1152964622,moiueu
1155967820,goof
1159901292,oequue
1163433483,qaniw
1164712971,aevpc
1166096949,uuuo
1168366298,eoai
1170675077,uuph
1178918266,oiaoa
1179073614,aafbi
1181884877,lsiit
1184464431,zuramj
1185684014,ovzlj
1186459403,leiaea
1186997675,rgiq
1188401938,fiaou
1192201969,oaqii
1193913375,aziy
1194630056,ftoti
1195550228,houh
1196343531,haonu
1197732524,cucwi
1203188025,fyieo
1204801815,elefv
1204806620,hztis
1215785290,queeiu
1226024370,mzdni
1228185526,hyabu
1231156714,yaapf
1238168141,biriu
1240341019,eakq
1241550532,oyzu
1241578612,odeek
1244924254,waoeeu
1246250097,zeed
1248215111,uforz
1253018838,sopte
1253275806,oeyuo
1255267037,nfate
1257589941,athjm
1259040625,mndie
1259127248,ivayam
1259208122,eoayor
1259954227,qiveh
1260555026,jqzy
1261564263,veoy
1261790187,etjdra
1263842675,eioy
1268324741,moses
1270379731,olio
1271339236,ujjie
1275817952,saoqzy
1278688195,siyca
1279483629,euntb
1281110270,vezm
1285424594,uuuuzo
1286404973,pqbaua
1286723748,mzcn
1292905886,izhib
1300292383,lsfzp
1303247657,aqgz
1303514890,giluo
1306349985,eamqeu
1307001758,uaufu
1307155541,ojfyc
1309001606,tsfa
1315240147,hlaoyj
1316368864,iahp
1317138778,susp
1317344461,sove
1318475747,tquba
1321168226,genum
1324969278,oehv
1325487379,noagqa
1326011041,efty
1328284954,zobvy
1328729187,izaa
1333498164,cezoep
1335858460,dgui
1336371438,njnewa
1336598166,ctln
1337169385,izaa
1337376136,cikecp
1340499335,ueup
1343521342,eiozi
1345081431,rivu
1348195303,jzoeea
1350042711,zymoe
1350361333,ovlun
1350528913,zocai
1351896897,oeia
1357684618,uuba
1362237896,kapd
1366763979,uiwy
1370281897,yzran
1371628066,azvbz
1375686789,okeb
1378300490,zbiib
1379706975,eaeaoi
1381635460,nioi
1382571441,ueiets
1385394799,nizoo
1385552438,icevze
1394111119,oums
1398396453,upnc
1403528198,aigzo
1403700601,nymeio
1409330544,eaawea
1410079799,dmoe
1412559398,uecko
1414059153,ayihi
1415609338,uiniu
1419868566,oseff
1421411599,ecoiav
1421879917,guic
1422880978,mqbed
1423830777,feos
1425691841,ioiei
1433649435,eebuw
1434245528,zupnk
1438282633,aiof
1445110337,oiouia
1446009734,aiweo
1448272423,cikai
1451575027,oalj
1452227942,qfuove
1454068564,ooelli
1455554079,aaqyqi
1455696122,eugou
1456019610,czuua
1456790420,uiomzv
1458163905,vfiie
1460640138,megu
1462152620,auahqi
1462189609,maioa
1462322068,peaj
1462953456,iogas
1465133697,nlqcf
1465674914,ycizt
1466135903,sitfz
1469274330,nfvo
1471466604,oaiw
1473740531,uwem
1473776872,uabeja
1474005917,puik
1478494291,ooel
1490138376,ouit
1491315324,nlio
1492369033,kyiom
1493583527,esehy
1494027276,wtzh
1495461553,adzac
1496457127,zaabog
1498610912,oiedn
1503503888,rikui
1505458520,vavrc
1506260972,oelau
1506462338,lygkt
1512011514,ocuite
1518674107,iaau
1519093529,igsue
1526139043,aqueu
1531489318,eiluz
1536916456,kwes
1537729727,omdibi
1542930821,opbia
1544511053,buik
1546629061,eiue
1548376337,zjiu
1552843900,szjedt
1556425608,tuls
1559765943,ooijz
1564292749,ouoia
1567253049,pmyiu
1568058052,azkr
1569244997,hzsoir
1572410512,lemauu
1572782708,izuuoe
1576639159,reoie
1577301707,dagzkv
1581180918,cbgu
1584582344,owwu
1586458646,nyae
1589817953,vcjav
1592893707,acun
1596370469,buounv
1598203195,foyeo
1599444506,ooiaeq
1605973164,uevu
1606595335,ueuer
1609158763,ioaoh
1609505413,abqgtv
1610357537,bgoio
1615062332,irje
1617805010,siuaaa
1620880273,utroo
1622029193,vveed
1624366239,zniuo
1630960903,pemd
1633112336,iliza
1633128601,coic
1633871492,dwpnve
1638912052,glqb
1638967123,cscuu
1642201364,javz
1643338758,cziua
1643853067,uhouv
1646614765,obzoc
1646890637,lonus
1649107143,taohu
1651244325,ayiuw
1653071890,oueu
1657005359,hzeeos
1661079773,osfpu
1662197233,eelwp
1663562296,wzit
1665816179,aheepr
1671338081,uiauod
1673354542,iiykj
1674432452,fiee
1678579021,ajgc
1684316788,qisgug
1684781870,yfkgev
1686157449,rioiw
1688100211,tonbe
1693552525,foio
1695510064,zcauu
1698274368,rtazaz
1698418208,zzohl
1699190829,tyyd
1702924963,weuol
1712022444,iige
1712391926,woqp
1719591385,oofuu
1719912904,weaoc
1722235999,wzbua
1724369821,htkwk
1726828407,peey
1730068424,todzik
1733427432,aaemd
1736952852,iyala
1738614184,huyg
1740532561,leardk
1742960880,ruevl
1745592874,piaiv
1745943053,eoofua
1746651755,eaufaa
1747488706,vbbovi
1747738550,ukaru
1748729563,oviui
1750201287,eauqq
1752009683,myupa
1752301022,afoh
1752775125,esieh
1753017527,liij
1754260198,mani
1754389241,uiwju
1754893189,uaiceo
1756164005,fqkisn
1756566544,zruuv
1757948885,jovpv
1760486288,mdey
1761920867,aoab
1762074682,buyou
1762502453,scqyo
1762677353,aozouu
1763508645,mzwia
1769143104,ndraa
1770037205,saai
1772045013,ziiefg
1772492356,ooei
1772860081,yuozi
1773039995,ariia
1776607672,pbouo
1777668879,zdiab
1778674529,zoeug
1779291111,qbueu
1779873229,ueum
1786279045,riedoe
1790220539,scauu
1791570172,dazu
1791574539,zuerm
1794097684,agoui
1794865934,dauru
1795735714,cjiwj
1799399179,loeao
1800525037,ujuip
1802391688,heajae
1805812355,anaau
1806652620,uoavok
1808799721,ijog
1810580013,fihs
1812844904,ojhna
1813255326,fioazu
1813572267,oibmia
1815122918,baii
1816196603,ghauf
1817182001,appri
1817249795,kloam
1818345905,eoclo
1820568109,ezqif
1820927206,houieb
1823185705,ouew
1824236283,ihquii
1824556821,ziiuo
1826078961,auoi
1829790796,awumi
1830524747,izgn
1831266426,aeec
1834176720,jube
1838362827,puio
1838618662,oitie
1840280916,cqbezt
1841586069,wocao
1843367170,giuuj
1845217543,iazu
1846727566,edoo
1847188603,mizcoi
1849398563,peekz
1851089533,yiifc
1858811166,uuaee
1859709030,uiib
1860917188,aaqey
1862881580,iieajo
1866163538,uteeio
1866565274,qiua
1868687078,qtwrs
1869520843,zrcl
1869583452,gslagi
1873002483,eyasb
1874469432,uoseu
1874574250,uaur
1874900376,vwigj
1875328816,iebna
1880418666,eoeju
1881079770,maeul
1882185554,oogl
1888385765,baioo
1890025126,uiaobi
1894549518,amwce
1903851575,iorugq
1904040155,jfiieh
1910021807,oove
1910891160,odaeo
1913808139,izead
1914718863,hskl
1915288016,miyu
1916979927,omoguu
1917036438,cuoehi
1917188577,jqrgeo
1924078394,ciwq
1925151839,zaaml
1934063515,oooa
1934253755,lkeag
1935852814,iuuee
1940646185,lewupu
1942224343,meeno
1942561305,aquelo
1942720829,ifuum
1942792770,hkynre
1943743571,uiol
1944325872,feaauf
1946645009,uobsu
1947385615,umtu
1948793032,basey
1948798563,ofvhj
1948923264,ioje
1949884413,ieobe
1950303935,ooieo
1951952437,uzeo
1954712359,ozghp
1954760857,ciaeaa
1955165493,trqu
1958867885,beec
1959064840,jaub
1963944706,iaasea
1969751942,urugo
1978730221,akika
1979619444,waieoc
1980726865,ouodd
1981761604,uoren
1984982818,teveh
1986018151,iiuufk
1987281933,uapiz
1989726533,woiw
1996413968,sene
1999204844,oboyv
1999504300,lktanp
1999680506,tjhe
1999709699,zecqff
2004031793,dubd
2006875427,aweim
2008864030,rdie
2011399257,eiiof
2015217287,twaakm
2016987573,avzeq
2021367955,nuea
2025836022,uzbe
2026536882,aaojew
2026816381,zfabau
2029650904,mayzso
2031470494,jpffie
2032500243,oaoeit
2037642342,eeei
2044972263,kwvu
2045230105,orro
2048494319,raiieo
2050422423,swukf
2051160014,tqiig
2060799363,cjyi
2060893282,endeo
2061043914,lueab
2064102926,feiban
2064223472,bgiia
2065380135,opoo
2069520854,rauo
2070888120,askati
2072874428,mmemeo
2079026621,kbzt
2079828531,ejtki
2083208116,aawwi
2086006004,bznfe
2087557403,urevo
2098065555,ookrz
2100065972,zoueqo
2103824686,iypla
2105589463,inuca
2107794220,iusgaa
2110432918,elez
2112083647,teuy
2114161786,eini
2114681597,iiucu
2118042728,cicqt
2118066836,sjif
2118246462,zouou
2119610204,rubio
2126452917,aulh
2127124720,npuu
2131554137,iuql
2135377460,slop
2136185254,hobztf
2139338377,erooui
2139394372,uoein
2141340291,uaqi
2141996554,mlugha
2143156847,ghee
2144969159,nlybi
